clinic_id,clinic_name,clinic_type,city,state,zip_code,created_at
b9725caf-fea4-4063-b16a-83488fc8ed53,Gonzalezmouth Specialty Center,Specialty,Stevenborough,PW,85524,2016-11-18T17:49:06
5c9f0999-e869-439a-9a36-e49ea99c706e,Turnerview Specialty Center,Specialty,North Rogerfurt,KS,86509,2021-03-03T22:53:20
d6023639-047a-4506-81cb-8d698fa7bdec,West Erinhaven Urgent Care Center,Primary Care,Petersonside,PR,69524,2017-05-26T07:01:44
a9e0917f-e324-45db-a850-18bff5c3e7f5,North Caitlinburgh Primary Care Center,Specialty,South Jay,WY,57694,2018-09-06T14:42:57
57620a6f-6f24-464d-9c29-6b7890f6edce,Shannonmouth Primary Care Center,Specialty,North Justinland,TN,86989,2018-02-23T14:14:30
ad32a7c6-8b64-412c-9bd5-37b1c35adde3,Elainefurt Specialty Center,Pediatrics,North Jimmy,AS,69821,2018-08-08T15:21:51
61e72ff5-8cf5-4927-889a-10a317ef71fc,Johnstonmouth Pediatrics Center,Urgent Care,Leemouth,AR,76480,2017-12-15T23:51:57
377533ab-d447-4a01-ac67-f7b712a34b04,Reyestown Primary Care Center,Pediatrics,Lopezburgh,UT,40372,2020-03-22T14:00:05
af88239f-d4a3-418d-ac08-f40119271805,West Daniel Specialty Center,Specialty,Thomasstad,CT,63461,2020-08-07T02:56:37
fb0059ff-563b-46e0-924e-48b4504e4b66,Armstrongbury Primary Care Center,Urgent Care,North Rodney,DC,63223,2017-05-08T02:24:53
8a9da702-660f-44e6-845d-3231c6f7cc83,Adrianfort Specialty Center,Specialty,Hernandezchester,WV,70871,2018-12-05T00:01:06
824fdf53-d98a-4a6f-8f8c-d57dc5ecd23e,New Jessicaview Urgent Care Center,Primary Care,Rebeccastad,CO,56545,2020-09-06T05:53:27
7a798ed4-2a0b-4d9f-b58f-9bddd520aef5,Jasontown Specialty Center,Primary Care,Larryberg,OH,82646,2019-11-03T16:13:47
99b351a6-6f2a-42fd-838e-dbe4da2a4996,Geraldhaven Pediatrics Center,Pediatrics,Cooperbury,MH,70325,2018-08-12T00:56:48
faca60d4-d56e-4949-9de5-8d730e1e5ebd,Lake Angelamouth Pediatrics Center,Specialty,Jonathanmouth,MA,51852,2017-05-16T17:05:13
